Title,Description
Test No. 442E: In Vitro Skin Sensitisation In Vitro Skin Sensitisation assays addressing the Key Event on activation of dendritic cells on the Adverse Outcome Pathway for Skin Sensitisation,"The present Key Event based Test Guideline (TG) addresses the human health hazard endpoint skin sensitisation, following exposure to a test chemical. More specifically, it addresses the activation of dendritic cells, which is one Key Event on the Adverse Outcome Pathway (AOP) for Skin Sensitisation. Skin sensitisation refers to an allergic response following skin contact with the tested chemical, as defined by the United Nations Globally Harmonized System of Classification and Labelling of Chemicals (UN GHS). This TG provides three in vitro test methods addressing the same Key Event on the AOP: (i) the human cell Line Activation Test or h-CLAT method, (ii) the U937 Cell Line Activation Test or U-SENS and (iii) the Interleukin-8 Reporter Gene Assay or IL-8 Luc assay. All of them are used for supporting the discrimination between skin sensitisers and non-sensitisers in accordance with the UN GHS. Test methods described in this TG either quantify the change in the expression of cell surface marker(s) associated with the process of activation of monocytes and DC following exposure to sensitisers (e.g. CD54, CD86) or the changes in IL-8 expression, a cytokine associated with the activation of DC. In the h-CLAT and U-SENS assays, the changes of surface marker expression are measured by flow cytometry following cell staining with fluorochrome-tagged antibodies. In the IL-8 Luc assay, the changes in IL-8 expression are measured indirectly via the activity of a luciferase gene under the control of the IL-8 promoter. The relative fluorescence or luminescence intensity of the treated cells compared to solvent/vehicle control are calculated and used in the prediction model, to support the discrimination between sensitisers and non-sensitisers."
Test No. 487: In Vitro Mammalian Cell Micronucleus Test,"The in vitro micronucleus test is a genotoxicity test for the detection of micronuclei in the cytoplasm of interphase cells. Micronuclei may originate from acentric chromosome fragments (i.e. lacking a centromere), or whole chromosomes that are unable to migrate to the poles during the anaphase stage of cell division. The assay detects the activity of clastogenic and aneugenic test substances in cells that have undergone cell division during or after exposure to the test substance. This Test Guideline allows the use of protocols with and without the actin polymerisation inhibitor cytochalasin B. Cytochalasin B allows for the identification and selective analysis of micronucleus frequency in cells that have completed one mitosis, because such cells are binucleate. This Test Guideline also allows the use of protocols without cytokinesis block provided there is evidence that the cell population analysed has undergone mitosis."
Guidance Document on Good In Vitro Method Practices (GIVIMP),"In the past several decades, there has been a substantial increase in the availability of in vitro test methods for evaluating chemical safety in an international regulatory context.  To foster confidence in in vitro alternatives to animal testing, the test methods and conditions under which data are generated must adhere to defined standards to ensure resulting data are rigorous and reproducible.  Good In vitro Method Practices (GIVIMP) for the development and implementation of in vitro methods for regulatory use in human safety assessment aims to help reduce the uncertainties in cell and tissue-based in vitro method derived chemical safety predictions.  GIVIMP provides guidance for test method developers and end users of resulting data on key elementes of in vitro methods. GIVIMP tackles ten important aspects related to in vitro work: (1) Roles and responsibilities, (2) Quality considerations, (3) Facilities (4) Apparatus, material and reagents, (5) Test systems, (6) Test and reference/control items, (7) Standard operating procedures (SOPs), (8) Performance of the method, (9) Reporting of results, (10) Storage and retention of records and materials."
Test No. 439: In Vitro Skin Irritation Reconstructed Human Epidermis Test Method,"This Test Guideline describes an in vitro procedure that may be used for the hazard identification of irritant chemicals (substances and mixtures) in accordance with the UN Globally Harmonized System of Classification and Labelling (GHS) Category 2.  It is based on reconstructed human epidermis (RhE), which in its overall design closely mimics the biochemical and physiological properties of the upper parts of the human skin. Cell viability is measured by enzymatic conversion of the vital dye MTT into a blue formazan salt that is quantitatively measured after extraction from tissues. Irritant test substances are identified by their ability to decrease cell viability below defined threshold levels (below or equal to 50% for UN GHS Category 2). This Test Guideline also includes a set of Performance Standards for the assessment of similar and modified RhE-based test methods. There are three validated test methods that adhere to this Test Guideline. Depending on the regulatory framework and the classification system in use, this procedure may be used to determine the skin irritancy of test substances as a stand-alone replacement test for in vivo skin irritation testing, or as a partial replacement test, within a tiered testing strategy."
Test No. 444A: In Vitro Immunotoxicity IL-2 Luc Assay,"This Test Guideline (TG) describes the IL-2 Luc Assay test method to evaluate the potential immunotoxic effects of chemicals on T lymphoblastic cell line. This cell line allows quantitative measurement of luciferase gene induction by detecting luminescence from well-established light producing luciferase substrates as indicators of the activity of IL-2, IFN-γ and GAPDH in cells following exposure to immunotoxic chemicals. The method is intended to be used as a part of a battery to determine immunotoxic potential of chemicals."
Test No. 442D: In Vitro Skin Sensitisation ARE-Nrf2 Luciferase Test Method,"The present Test Guideline addresses the human health hazard endpoint skin sensitisation, following exposure to a test chemical. Skin sensitisation refers to an allergic response following skin contact with the tested chemical, as defined by the United Nations Globally Harmonized System of Classification and Labelling of Chemicals (UN GHS). This Test Guideline (TG) provides an in vitro procedure (the ARE-Nrf2 luciferase test method) used for supporting the discrimination between skin sensitisers and non-sensitisers in accordance with the UN GHS. The second key event on the adverse outcome pathway leading to skin sensitisation takes place in the keratinocytes and includes inflammatory responses as well as gene expression associated with specific cell signalling pathways such as the antioxidant/electrophile response element (ARE)-dependent pathways. The test method described in this Test Guideline (ARE-Nrf2 luciferase test method) is proposed to address this second key event. The cell line contains the luciferase gene under the transcriptional control of a constitutive promoter fused with an ARE element from a gene that is known to be up-regulated by contact sensitisers. The luciferase signal reflects the activation by sensitisers of endogenous Nrf2 dependent genes. This allows quantitative measurement (by luminescence detection) of luciferase gene induction, using well established light producing luciferase substrates, as an indicator of the activity of the Nrf2 transcription factor in cells following exposure to electrophilic test substances. There are currently two in vitro ARE-Nrf2 luciferase test method covered by this Test Guideline: the KeratinoSensTM test method and the LuSens test method. Performance standards have been developed to enable the validation of similar test methods."
Test No. 473: In Vitro Mammalian Chromosomal Aberration Test,The purpose of the in vitro chromosome aberration test is to identify agents that cause structural chromosome aberrations in cultured mammalian somatic cells. Structural aberrations may be of two types: chromosome or chromatid.
Test No. 487: In Vitro Mammalian Cell Micronucleus Test,"The in vitro micronucleus test is a genotoxicity test for the detection of micronuclei in the cytoplasm of interphase cells. Micronuclei may originate from acentric chromosome fragments (i.e. lacking a centromere), or whole chromosomes that are unable to migrate to the poles during the anaphase stage of cell division. The assay detects the activity of clastogenic and aneugenic test substances in cells that have undergone cell division during or after exposure to the test substance. This Test Guideline allows the use of protocols with and without the actin polymerisation inhibitor cytochalasin B. Cytochalasin B allows for the identification and selective analysis of micronucleus frequency in cells that have completed one mitosis, because such cells are binucleate. This Test Guideline also allows the use of protocols without cytokinesis block provided there is evidence that the cell population analysed has undergone mitosis."
Test No. 473: In Vitro Mammalian Chromosomal Aberration Test,The purpose of the in vitro chromosome aberration test is to identify agents that cause structural chromosome aberrations in cultured mammalian somatic cells. Structural aberrations may be of two types: chromosome or chromatid.
Test No. 487: In Vitro Mammalian Cell Micronucleus Test,"The in vitro micronucleus test is a genotoxicity test for the detection of micronuclei in the cytoplasm of interphase cells. Micronuclei may originate from acentric chromosome fragments (i.e. lacking a centromere), or whole chromosomes that are unable to migrate to the poles during the anaphase stage of cell division. The assay detects the activity of clastogenic and aneugenic test substances in cells that have undergone cell division during or after exposure to the test substance. This Test Guideline allows the use of protocols with and without the actin polymerisation inhibitor cytochalasin B. Cytochalasin B allows for the identification and selective analysis of micronucleus frequency in cells that have completed one mitosis, because such cells are binucleate. This Test Guideline also allows the use of protocols without cytokinesis block provided there is evidence that the cell population analysed has undergone mitosis."
Test No. 428: Skin Absorption: In Vitro Method,"This Test method has been designed to provide information on absorption of a test substance, (ideally radiolabelled), applied to the surface of a skin sample separating the two chambers (a donor chamber and a receptor chamber) of a diffusion cell. Static and flow-through diffusion cells are both acceptable."
Test No. 473: In vitro Mammalian Chromosome Aberration Test,The purpose of the in vitro chromosome aberration test is to identify agents that cause structural chromosome aberrations in cultured mammalian somatic cells. Structural aberrations may be of two types: chromosome or chromatid.
Test No. 435: In Vitro Membrane Barrier Test Method for Skin Corrosion,This updated Test Guideline 435 provides an in vitro membrane barrier test method that can be used to identify corrosive chemicals. The test method utilizes an artificial membrane designed to respond to corrosive chemicals in a manner similar to animal skin in situ .
Test No. 435: In Vitro Membrane Barrier Test Method for Skin Corrosion,This Test Guideline is for an in vitro membrane barrier test method that can be used to identify corrosive substances.
The Application of the Principles of GLP to in vitro Studies,"The purpose of this document is to facilitate the proper application and interpretation of the GLP Principles for the organisation and management of in vitro studies, and to provide guidance for the appropriate application of the GLP Principles to in vitro studies, both for test facilities (management, QA, study director and personnel), and for national GLP compliance monitoring authorities. This Advisory Document intends to provide such additional interpretation of the Principles and guidance for their application to in vitro studies carried out for regulatory purposes. It is organised in such a way as to provide easy reference to the GLP Principles by following the sequence of the different parts of these GLP Principles."
Test No. 476: In vitro Mammalian Cell Gene Mutation Test,"The in vitro mammalian cell gene mutation test can be used to detect gene mutations induced by chemical substances. In the cell lines the most commonly-used genetic endpoints measure mutation at thymidine kinase (TK) and hypoxanthine-guanine phosphoribosyl transferase (HPRT), and a transgene of xanthineguanine phosphoribosyl transferase (XPRT). The TK, HPRT and XPRT mutation tests detect different spectra of genetic events."
Test No. 498: In vitro Phototoxicity - Reconstructed Human Epidermis Phototoxicity test method,"Skin phototoxicity (photoirritation) is defined as an acute toxic response elicited by topically or systemically administered photoreactive chemicals after the exposure of the skin to environmental light. The in vitro reconstructed human epidermis phototoxicity test (RhE PT) is used to identify the phototoxic potential of a test chemical after topical application in reconstructed human epidermis (RhE) tissues in the presence and absence of simulated sunlight. Phototoxicity potential is evaluated by the relative reduction in viability of cells exposed to the test chemical in the presence as compared to the absence of simulated sunlight. Chemicals identified as positive in this test may be phototoxic in vivo following topical application to the skin, eyes, and other external light-exposed epithelia."
Test No. 439: In Vitro Skin Irritation: Reconstructed Human Epidermis Test Method,"This Test Guideline describes an in vitro procedure that may be used for the hazard identification of irritant chemicals (substances and mixtures) in accordance with the UN Globally Harmonized System of Classification and Labelling (GHS) Category 2.  It is based on reconstructed human epidermis (RhE), which in its overall design closely mimics the biochemical and physiological properties of the upper parts of the human skin. Cell viability is measured by enzymatic conversion of the vital dye MTT into a blue formazan salt that is quantitatively measured after extraction from tissues. Irritant test substances are identified by their ability to decrease cell viability below defined threshold levels (below or equal to 50% for UN GHS Category 2). Coloured chemicals can also be tested by used of an HPLC procedure. There are three validated test methods that adhere to this Test Guideline. Depending on the regulatory framework and the classification system in use, this procedure may be used to determine the skin irritancy of test substances as a stand-alone replacement test for in vivo skin irritation testing, or as a partial replacement test, within a tiered testing strategy."
Test No. 432: In Vitro 3T3 NRU Phototoxicity Test,This Test Guideline describes a method to evaluate photo-cytotoxicity by the relative reduction in viability of cells exposed to the chemical in the presence versus absence of light.
Guidance Document for Describing Non-Guideline In Vitro Test Methods,"The purpose of this guidance is to harmonise the way non-guideline in vitro methods are described and thereby facilitate an assessment of the relevance of test methods for biological activities and responses of interest, and an assessment of the quality of data produced, irrespective of whether these tests are based on manual protocols or assay protocols adapted for use on automated platforms or high-throughput screening systems (HTS). This guidance outlines the elements considered relevant for providing a comprehensive description of an in vitro method to facilitate the interpretation of results and support scientifically defensible fit-for-purpose applications."
Test No. 439: In Vitro Skin Irritation - Reconstructed Human Epidermis Test Method,"This Test Guideline describes an in vitro procedure that may be used for the hazard identification of irritant chemicals (substances and mixtures) in accordance with the UN Globally Harmonized System of Classification and Labelling (GHS) Category 2. It is based on reconstructed human epidermis (RhE), which in its overall design closely mimics the biochemical and physiological properties of the upper parts of the human skin. Cell viability is measured by enzymatic conversion of the vital dye MTT into a blue formazan salt that is quantitatively measured after extraction from tissues. Irritant test chemicals are identified by their ability to decrease cell viability below defined threshold levels (below or equal to 50% for UN GHS Category 2). This Test Guideline also includes a set of Performance Standards for the assessment of similar and modified RhE-based test methods. There are four validated test methods that adhere to this Test Guideline. Depending on the regulatory framework and the classification system in use, this procedure may be used to determine the skin irritancy of test substances as a stand-alone replacement test for in vivo skin irritation testing, or as a partial replacement test, within a tiered testing strategy."
Test No. 431: In Vitro Skin Corrosion: Human Skin Model Test,The test described in this Test Guideline allows the identification of corrosive chemical substances and mixtures and it enables the identification of non-corrosive substances and mixtures when supported by a weight of evidence determination using other existing information. The test protocol may also provide an indication of the distinction between severe and less severe skin corrosives. This Test Guideline does not require the use of live animals or animal tissue for the assessment of skin corrosivity.
Test No. 430: In Vitro Skin Corrosion: Transcutaneous Electrical Resistance Test (TER),The Globally Harmonised System for the Classification and Labelling of Chemicals defines skin corrosion as the production of irreversible tissue damage in the skin following the application of a test material.
Test No. 431: In vitro skin corrosion: reconstructed human epidermis (RHE) test method,The test described in this Test Guideline allows the identification of corrosive chemical substances and mixtures and it enables the identification of non-corrosive substances and mixtures when supported by a weight of evidence determination using other existing information. The test protocol may also provide an indication of the distinction between severe and less severe skin corrosives. This Test Guideline does not require the use of live animals or animal tissue for the assessment of skin corrosivity.
Test No. 431: In Vitro Skin Corrosion: Reconstructed Human Epidermis (Rhe) Test Method,"The present Test Guideline addresses the human health hazard endpoint skin corrosion, following exposure to a test chemical. Skin corrosion is defined as the production of irreversible tissue damage, manifested as visible necrosis of the skin, according to the definition of the Globally Harmonised System for Classification and Labeling of Chemicals."
Detailed Review Paper on the Use of Metabolising Systems for In Vitro Testing of Endocrine Disruptors,"Increasing incidents of disorders such as obesity/diabetes/metabolic syndrome, reproductive dysfunction, and neuro-developmental abnormalities in some human populations have raised concern that disruption of key endocrine-signaling pathways by exposure to environmental chemicals may be involved. This Detailed Review Paper describes some endocrine pathways that have been shown to be susceptible to environmental endocrine disruption and whose disruption could contribute to increasing incidents of some disorders in humans and wildlife populations."
Test No. 476: In Vitro Mammalian Cell Gene Mutation Tests using the Hprt and xprt genes,"The in vitro mammalian cell gene mutation test can be used to detect gene mutations induced by chemical substances. In this test, the used genetic endpoints measure mutation at hypoxanthine-guanine phosphoribosyl transferase (HPRT), and at a transgene of xanthineguanine phosphoribosyl transferase (XPRT). The HPRT and XPRT mutation tests detect different spectra of genetic events."
Test No. 490: In Vitro Mammalian Cell Gene Mutation Tests Using the Thymidine Kinase Gene,The in vitro mammalian cell gene mutation test can be used to detect gene mutations induced by chemical substances. This TG includes two distinct in vitro mammalian gene mutation assays requiring two specific tk heterozygous cells lines: L5178Y tk+/- 3.7.2C cells for the mouse lymphoma assay (MLA) and TK6 tk+/- cells for the TK6 assay. Genetic events detected using the tk locus include both gene mutations and chromosomal events.
Test No. 476: In Vitro Mammalian Cell Gene Mutation Tests using the Hprt and xprt genes,"The in vitro mammalian cell gene mutation test can be used to detect gene mutations induced by chemical substances. In this test, the used genetic endpoints measure mutation at hypoxanthine-guanine phosphoribosyl transferase (HPRT), and at a transgene of xanthineguanine phosphoribosyl transferase (XPRT). The HPRT and XPRT mutation tests detect different spectra of genetic events."
Test No. 431: In vitro skin corrosion: reconstructed human epidermis (RHE) test method,The test described in this Test Guideline allows the identification of corrosive chemical substances and mixtures and it enables the identification of non-corrosive substances and mixtures when supported by a weight of evidence determination using other existing information. The test protocol may also provide an indication of the distinction between severe and less severe skin corrosives. This Test Guideline does not require the use of live animals or animal tissue for the assessment of skin corrosivity.
Test No. 490: In Vitro Mammalian Cell Gene Mutation Tests Using the Thymidine Kinase Gene,The in vitro mammalian cell gene mutation test can be used to detect gene mutations induced by chemical substances. This TG includes two distinct in vitro mammalian gene mutation assays requiring two specific tk heterozygous cells lines: L5178Y tk+/- 3.7.2C cells for the mouse lymphoma assay (MLA) and TK6 tk+/- cells for the TK6 assay. Genetic events detected using the tk locus include both gene mutations and chromosomal events.
Test No. 430: In Vitro Skin Corrosion: Transcutaneous Electrical Resistance Test Method (TER),"This Test Guideline addresses the human health endpoint skin corrosion. It is based on the rat skin transcutaneous electrical resistance (TER) test method, which utilizes skin discs to identify corrosives by their ability to produce a loss of normal stratum corneum integrity and barrier function. This Test Guideline was originally adopted in 2004 and updated in 2015 to refer to the IATA guidance document."
Test No. 431: In Vitro Skin Corrosion: Reconstructed Human Epidermis (RHE) Test Method,"The present Test Guideline addresses the human health hazard endpoint skin corrosion, following exposure to a test chemical. Skin corrosion is defined as the production of irreversible tissue damage, manifested as visible necrosis of the skin, according to the definition of the Globally Harmonised System for Classification and Labeling of Chemicals."
Test No. 430: In Vitro Skin Corrosion: Transcutaneous Electrical Resistance Test Method (TER),"The present Test Guideline addresses the human health hazard endpoint skin corrosion, following exposure to a test chemical. Skin corrosion is defined as the production of irreversible tissue damage, manifested as visible necrosis of the skin, according to the definition of the Globally Harmonised System for Classification and Labeling of Chemicals."
Test No. 479: Genetic Toxicology: In vitro Sister Chromatid Exchange Assay in Mammalian Cells,"Following the OECD Council decision, the Test Guideline 479 ‘Genetic Toxicology: In vitro Sister Chromatid Exchange Assay in Mammalian Cells’ was deleted on 2nd April 2014."
Test No. 455: Performance-Based Test Guideline for Stably Transfected Transactivation In Vitro Assays to Detect Estrogen Receptor Agonists and Antagonists,"This Performance-Based Test Guideline (PBTG) describes in vitro assays, which provide the methodology of Stably Transfected Transactivation to detect Estrogen Receptor Agonists and Antagonists (ER TA assays). It comprises mechanistically and functionally similar test methods for the identification of estrogen receptor agonists and antagonists and should facilitate the development of new similar or modified test methods. The two reference test methods that provide the basis for this PBTG are: the Stably Transfected TA (STTA) assay using the (h) ERα-HeLa-9903 cell line, derived from a human cervical tumor, and the BG1Luc ER TA assay using the BG1Luc-4E2 cell line, derived from a human ovarian adenocarcinoma. The cell lines used in these assays express ER and have been stably transfected with an ER responsive luciferase reporter gene. The assays are used to identify chemicals that activate (i.e. act as agonists) and also suppress (i.e. act as antagonists) ER- dependent transcription. ER are activated following ligand binding, after which the receptor-ligand complex binds to specific DNA response elements and transactivates the reporter gene, resulting in increased cellular expression of a marker enzyme (e.g. luciferase in luciferase based systems). The enzyme then transforms the substrate to a bioluminescent product that can be quantitatively measured with a luminometer. These test methods are being proposed for screening and prioritisation purposes, but also provide mechanistic information that can be used in a weight of evidence approach."
New Scoping Document on in vitro and ex vivo Assays for the Identification of Modulators of Thyroid Hormone Signalling,"This scoping document aims at bringing forward relevant in vitro and ex vivo thyroid assays to the attention of OECD member countries, to provide recommendations for their development/use, and also, to identify aspects/blocks of the thyroid signalling pathways that are not covered and would require further development of thyroid assays."
Test No. 455: Performance-Based Test Guideline for Stably Transfected Transactivation In Vitro Assays to Detect Estrogen Receptor Agonists and Antagonists,"This Performance-Based Test Guideline (PBTG) describes in vitro assays, which provide the methodology of Stably Transfected Transactivation to detect Estrogen Receptor Agonists and Antagonists (ER TA assays). It comprises mechanistically and functionally similar test methods for the identification of estrogen receptor agonists and antagonists and should facilitate the development of new similar or modified test methods. The two reference test methods that provide the basis for this PBTG are: the Stably Transfected TA (STTA) assay using the (h) ERα-HeLa-9903 cell line, derived from a human cervical tumor, and the BG1Luc ER TA assay using the BG1Luc-4E2 cell line, derived from a human ovarian adenocarcinoma. The cell lines used in these assays express ER and have been stably transfected with an ER responsive luciferase reporter gene. The assays are used to identify chemicals that activate (i.e. act as agonists) and also suppress (i.e. act as antagonists) ER- dependent transcription. ER are activated following ligand binding, after which the receptor-ligand complex binds to specific DNA response elements and transactivates the reporter gene, resulting in increased cellular expression of a marker enzyme (e.g. luciferase in luciferase based systems). The enzyme then transforms the substrate to a bioluminescent product that can be quantitatively measured with a luminometer. These test methods are being proposed for screening and prioritisation purposes, but also provide mechanistic information that can be used in a weight of evidence approach."
Test No. 319B: Determination of in vitro intrinsic clearance using rainbow trout liver S9 sub-cellular fraction (RT-S9),"The Test Guideline (TG) describes the use of liver S9 sub-cellular fraction (RT-S9) of rainbow trout ( Oncorhynchus mykiss ) as a metabolising system to determine the clearance ( CL , IN VITRO, INT ) of a test chemical using a substrate depletion approach. Introduction of the test chemical to the RT-S9 incubation medium initiates the reaction. In order to collect samples at various time points, the reaction is terminated by transferring an aliquot of the medium to a stopping solution. The decrease of the test chemical concentration from the incubation vial is measured with a validated analytical method and used to determine the CL , IN VITRO, INT.  The value obtained can then be used to improve in silico predictions of the test chemical bioaccumulation in fish."
Test No. 319A: Determination of in vitro intrinsic clearance using cryopreserved rainbow trout hepatocytes (RT-HEP),"The Test Guideline (TG) describes the use of cryopreserved rainbow trout ( Oncorhynchus mykiss ) hepatocytes (RT-HEP) as a metabolising system to determine the clearance ( CL , IN VITRO, INT) of a test chemical using a substrate depletion approach. Introduction of the test chemical to the RT-HEP suspension initiates the reaction. In order to collect samples at various time points, the reaction is terminated by transferring an aliquot of the suspension to a stopping solution. The decrease of the test chemical concentration from the incubation vial is measured with a validated analytical method and used to determine the CL , IN VITRO, INT.  The value obtained can then be used to improve in silico predictions of the test chemical bioaccumulation in fish."
Test No. 455: Performance-Based Test Guideline for Stably Transfected Transactivation In Vitro Assays to Detect Estrogen Receptor Agonists,"This Performance-Based Test Guideline (PBTG) describes in vitro assays, which provides the methodology of Stably Transfected Transactivation to detect Estrogen Receptor Agonists (ER TAs). It comprises mechanistically and functionally similar test methods for the identification of estrogen receptor agonists and should facilitate the development of new similar or modified test methods. The two reference test methods that provide the basis for this PBTG are: the Stably Transfected TA (STTA) assay using the (h) ERá-HeLa-9903 cell line, derived from a human cervical tumor, and the BG1Luc ER TA assay using the BG1Luc-4E2 cell line, derived from a human ovarian adenocarcinoma. The cell lines used in these assays express ER and have been stably transfected with an ER responsive luciferase reporter gene. The assays are used to identify chemicals that activate the ER following ligand binding, after which the receptor-ligand complex binds to specific DNA response elements and transactivates the reporter gene, resulting in increased cellular expression of a marker enzyme (e.g. luciferase in luciferase based systems). The enzyme then transforms the substrate to a bioluminescent product that can be quantitatively measured with a luminometer.These test methods are being proposed for screening and prioritisation purposes, but also provide mechanistic information that can be used in a weight of evidence approach."
"Test No. 482: Genetic Toxicology: DNA Damage and Repair, Unscheduled DNA Synthesis in Mammalian Cells in vitro","Following the OECD Council decision, the Test Guideline 482 ‘Genetic Toxicology: DNA Damage and Repair, Unscheduled DNA Synthesis in Mammalian Cells in vitro’ was deleted on 2nd April 2014."
Test No. 496: In vitro Macromolecular Test Method for Identifying Chemicals Inducing Serious Eye Damage and Chemicals Not Requiring Classification for Eye Irritation or Serious Eye Damage,"The in vitro macromolecular test method is a biochemical in vitro test method that can be used to identify chemicals (substances and mixtures) that have the potential to induce serious eye damage as well as chemicals not requiring classification for eye irritation or serious eye damage. The in vitro macromolecular test method contains a macromolecular reagent composed of a mixture of proteins, glycoproteins, carbohydrates, lipids and low molecular weight components, that when rehydrated forms a complex macromolecular matrix which mimics the highly ordered structure of the transparent cornea. Corneal opacity is described as the most important driver for classification of eye hazard. Test chemicals producing protein denaturation, unfolding and changes in conformation will lead to the disruption and disaggregation of the highly organised macromolecular reagent matrix, and produce turbidity of the macromolecular reagent. Such phenomena is quantified, by measuring the changes in light scattering (at a wavelength of 405 nm using a spectrometer), which is compared to the standard curve established in parallel by measuring the increase in OD produced by a set of calibration substances."
Test No. 491: Short Time Exposure In Vitro Test Method for Identifying i) Chemicals Inducing Serious Eye Damage and ii) Chemicals Not Requiring Classification for Eye Irritation or Serious Eye Damage,"This Test Guideline describes a cytotoxicity-based in vitro assay that is performed on a confluent monolayer of Statens Seruminstitut Rabbit Cornea (SIRC) cells, cultured on a 96-well polycarbonate microplate. After five-minute exposure to a test chemical, the cytotoxicity is quantitatively measured as the relative viability of SIRC cells using the MTT assay. Decreased cell viability is used to predict potential adverse effects leading to ocular damage. Cell viability is assessed by the quantitative measurement, after extraction from the cells, of blue formazan salt produced by the living cells by enzymatic conversion of the vital dye MTT, also known as Thiazolyl Blue Tetrazolium Bromide. The obtained cell viability is compared to the solvent control (relative viability) and used to estimate the potential eye hazard of the test chemical. A test chemical is classified as UN GHS Category 1 when both the 5% and 0.05% concentrations result in a cell viability smaller than or equal to (≤) 70%. Conversely, a chemical is predicted as UN GHS No Category when both 5% and 0.05% concentrations result in a cell viability higher than (>) 70%."
Test No. 493: Performance-Based Test Guideline for Human Recombinant Estrogen Receptor (hrER) In Vitro Assays to Detect Chemicals with ER Binding Affinity,"This Performance-Based Test Guideline (PBTG) describes in vitro assays, which provide the methodology for human recombinant in vitro assays to detect substances with estrogen receptor binding affinity (hrER binding assays). It comprises two mechanistically and functionally similar test methods for the identification of estrogen receptor (i.e. ERα) binders and should facilitate the development of new similar or modified test methods. The two reference test methods that provide the basis for this PBTG are: the Freyberger-Wilson (FW) In Vitro Estrogen Receptor (ER) Binding Assay Using a Full Length Human Recombinant ERα, and the Chemical Evaluation and Research Institute (CERI) In Vitro Estrogen Receptor Binding Assay Using a Human Recombinant Ligand Binding Domain Protein. This assay measures the ability of a radiolabeled ligand ([3H]17β-estradiol) to bind with the ER in the presence of increasing concentrations of a test chemical (i.e. competitor).  Test chemicals that possess a high affinity for the ER compete with the radiolabeled ligand at a lower concentration as compared with those chemicals with lower affinity for the receptor. This assay consists of two major components: a saturation binding experiment to characterise receptor-ligand interaction parameters and document ER specificity, followed by a competitive binding experiment that characterises the competition between a test chemical and a radiolabeled ligand for binding to the ER. These test methods are being proposed for screening and prioritisation purposes, but also provide mechanistic information that can be used in a weight of evidence approach."
Detailed Review Paper on the State of the Science on Novel In Vitro and In Vivo Screening and Testing Methods and Endpoints for Evaluating Endocrine Disruptors,"This document describes some endocrine pathways that have been shown to be susceptible to environmental endocrine disruption and whose disruption could contribute to increasing incidents of some disorders in humans and wildlife populations, such as obesity/diabetes/metabolic syndrome, reproductive dysfunction, and neuro-developmental abnormalities. Assays and endpoints are described that could be used in new or existing OECD Test Guidelines for evaluating chemicals for endocrine-disrupting activity. Endocrine pathways evaluated are the hypothalamus:pituitary:adrenocortical (HPA) axis, the hypothalamus:pituitary:gonad (HPG) axis, the somatotropic axis, the retinoid signaling pathway, the hypothalamus:pituitary:thyroid (HPT) axis, the vitamin D signaling pathway, and the peroxisome proliferator-activated receptor (PPAR) signaling pathway."
OECD in vitro screens (Conceptual Framework Level 2),"Specific guidance is provided for validated OECD in vitro screens, including the Performance-based Test Guideline (TG 493) for Human Recombinant Estrogen Receptor (hrER) assay to detect chemicals that bind the estrogen receptor (ER), the Performance-based Test Guideline (TG 455) for ER capable of detecting estrogen agonsits and antagonists, the Androgen Receptor (AR) Transactivation Assay (TG 458) capable of detecting androgen agonists and antagonists, and the H295R Steroidogenesis Assay (TG 456) to screen for chemicals that interfere with the synthesis of androgens and estrogens. For each assay, background, considerations, limitations, and when the assay might be used are discussed. Scenarios for interpreting positive, negative, and equivocal results, along with other endocrine test guideline data are also provided."
Non-OECD in vitro screens (Conceptual Framework Level 2),"Specific guidance is provided for in vitro screening assays that have been validated at a national level by the US Environmental Protection Agency (Androgen Receptor Binding Assay and the Aromatase Assay). Though these assays are not validated OECD test guidelines, they provide information on the potential mechanism of test chemicals and may be useful for evaluating chemicals as endocrine disrupters in a weight of evidence approach. For each assay, background, considerations, limitations, and when the assay might be used are discussed. Scenarios for interpreting positive, negative, and equivocal results, along with other endocrine test guideline data are also provided"
Essai n° 442E: Sensibilisation cutanée in vitro : Essai de sensibilisation cutanée in vitro portant sur l'événement clé relatif à l'activation des cellules dendritiques dans la voie toxicologique impliquée dans les effets indésirables pour la sensibilisation cutanée,"La présente Ligne directrice (LD) pour les essais de produits chimiques fondée sur les événements clés porte sur le danger de sensibilisation cutanée pour la santé humaine faisant suite à une exposition avec un produit chimique. Elle porte plus particulièrement sur l’activation des cellules dendritiques, qui est un événement clé de la voie toxicologique impliquée dans les effets indésirables (AOP) pour la sensibilisation cutanée. La sensibilisation cutanée se réfère à une réponse allergique faisant suite à un contact avec la peau, selon la définition du Système général harmonisé de classification et d'étiquetage des produits chimiques (SGH) des Nations Unies."
Essai No. 444A : immunotoxicité in vitro : Essai Il 2 Luc,"Cette Ligne directrice décrit la méthode d'essai IL-2 Luc pour évaluer les effets immunotoxiques potentiels sur une lignée cellulaire lymphoblastique. Cette Lignée cellulaire permet une mesure quantitative de l'induction du gène de la luciférase en détectant la luminescence émanant de substrats bien établis produisant la luciférase, agissant comme indicateur de l'activité de IL-2, IFN-γ et GAPDH dans les cellules exposées à des produits chimiques potentiellement immunotoxiques. La méthode est amenée à être utilisée en batterie d'essais pour déterminer dans l'ensemble le potentiel immunotoxique des produits chimiques."
Essai n° 439 : Irritation cutanée in vitro : Essai sur épiderme humain reconstitué,"Cette Ligne directrice décrit une procédure in vitro qui peut être utilisée pour identifier les dangers présentés par les produits chimiques irritants (substances et mélanges) conformément à la Catégorie 2 du Système général harmonisé de classification et d’étiquetage (SGH) de l’ONU. Elle s’appuie sur un épiderme humain reconstitué, qui dans sa conception globale, reproduit les propriétés biochimiques et physiologiques de la partie supérieure de la peau humaine. La viabilité cellulaire est mesurée par la conversion enzymatique du colorant vital MTT en un sel de formazan bleu, qui est mesuré quantitativement après extraction des tissus. Les substances d’essai irritantes sont identifiées par leur capacité à réduire la viabilité cellulaire au dessous d’un seuil défini (inférieur ou égal à 50% pour la Catégorie 2 du SGH de l’ONU). Cette Ligne directrice comprend aussi des normes de performance pour l’évaluation de méthodes d’essai similaires ou modifiées sur épiderme humain reconstitué. Trois méthodes d’essai validées sont conformes à cette Ligne directrice. En fonction du cadre législatif et du système de classification utilisé, cette procédure peut être utilisée pour déterminer l’irritation cutanée de substances d’essai, en tant qu’essai de substitution d’essai d’irritation cutanée in vivo, ou en tant qu’essai de substitution partiel, dans le cadre d’une stratégie d’essai à plusieurs niveaux."
Essai n° 428: Absorption cutanée : méthode in vitro,Cette méthode d’essai a été conçue pour fournir des informations sur l'absorption d'une substance d'essai (idéalement radiomarquée) appliquée à la surface d'un échantillon de peau séparant les deux compartiments (un compartiment donneur et un compartiment receveur) d'une cellule à diffusion. Des cellules à diffusion statique ou dynamique peuvent indifféremment être utilisées.
Essai n°498 : Phototoxicité in vitro - Essai sur épiderme humain reconstitué,"La phototoxicité (photo-irritation) cutanée est définie comme une réaction toxique aiguë causée par des produits chimiques photoréactifs après administration de ces produits par la peau et exposition de la peau à la lumière ambiante. L’essai in vitro de phototoxicité sur épiderme humain reconstitué (EhR) vise à identifier le potentiel phototoxique d’un produit chimique d’essai administré par voie topique sur des tissus épidermiques humains reconstitués, avec ou sans exposition à la lumière solaire simulée. On évalue le potentiel phototoxique en calculant la réduction relative de la viabilité cellulaire, c’est-à-dire le rapport entre les viabilités des cellules exposées au produit chimique d’essai en présence de lumière solaire simulée et en l’absence de cette lumière. Les produits chimiques identifiés par cet essai sont susceptibles d’être phototoxiques in vivo, après administration par voie topique sur la peau, les yeux ou d’autres épithéliums externes exposés à la lumière."
Essai n° 439 : Irritation cutanée in vitro : essai sur épiderme humain reconstitué,"Cette Ligne directrice décrit une procédure in vitro qui peut être utilisée pour identifier les dangers présentés par les produits chimiques irritants (substances et mélanges) conformément à la Catégorie 2 du Système général harmonisé de classification et d’étiquetage (SGH) de l’ONU. Elle s’appuie sur un épiderme humain reconstitué, qui dans sa conception globale, reproduit les propriétés biochimiques et physiologiques de la partie supérieure de la peau humaine. La viabilité cellulaire est mesurée par la conversion enzymatique du colorant vital MTT en un sel de formazan bleu, qui est mesuré quantitativement après extraction des tissus. Les produits chimiques testés irritants sont identifiés par leur capacité à réduire la viabilité cellulaire au-dessous d’un seuil défini (inférieur ou égal à 50% pour la Catégorie 2 du SGH de l’ONU). Cette Ligne directrice comprend aussi des normes de performance pour l’évaluation de méthodes d’essai similaires ou modifiées sur épiderme humain reconstitué. Quatre méthodes d’essai validées sont conformes à cette Ligne directrice. En fonction du cadre législatif et du système de classification utilisé, cette procédure peut être utilisée pour déterminer l’irritation cutanée de produits chimiques testés, en tant qu’essai de substitution d’essai d’irritation cutanée in vivo , ou en tant qu’essai de substitution partiel, dans le cadre d’une stratégie d’essai à plusieurs niveaux."
Essai n° 432: Essai de phototoxicité in vitro 3T3 NRU,Cette Ligne directrice décrit une méthode pour évaluer la photo-cytotoxicité par la réduction relative de la viabilité des cellules exposées au produit chimique en présence ou en absence de la lumière.
Essai n° 487 : Essai in vitro de micronoyaux sur cellules de mammifères,"L’essai micronoyau in vitro est un essai de génotoxicité pour la détection des micronoyaux dans le cytoplasme de cellules en interphase. Les micronoyaux peuvent provenir de fragments de chromosomes acentriques (c’est-à-dire sans centromère), ou de chromosomes entiers qui ne peuvent migrer vers les pôles pendant l’étape d’anaphase de la division cellulaire. L’essai détecte l’activité de substances d’essai clastogènes et aneugènes dans les cellules qui ont subi une division cellulaire au cours ou après l’exposition à une substance d’essai. Cette Ligne directrice prévoit l’utilisation de protocoles, avec et sans cytochalasine B (inhibiteur de polymérisation de l’actine). La cytochalasine B permet l’identification et l’analyse sélective de la fréquence des micronoyaux dans les cellules qui ont complété une mitose, ces cellules étant binucléées. La Ligne directrice permet l’utilisation de protocoles sans blocage de la cytokinèse à condition qu’il soit démontré que la population cellulaire a subi une mitose."
Essai n° 473: Essai d'aberration Chromosomique In Vitro chez les Mammifères,Le but de l'essai in vitro d'aberration chromosomique est d'identifier les agents qui causent des aberrations chromosomiques structurales dans les cellules mammifères cultivées. Les aberrations structurales peuvent être de deux types : chromosomiques ou chromatidiques.
Essai n° 435 : Méthode d'essai in vitro sur membrane d'étanchéité pour la corrosion cutanée,Cette ligne directrice 435 mise à jour propose une méthode d’essai in vitro sur membrane d’étanchéité qui peut être utilisée pour identifier les produits chimiques corrosifs. La méthode d’essai emploie une membrane artificielle conçue pour au traitement par des produits chimiques de façon similaire à de la peau s’animaux vivants.
Essai n° 430 : Corrosion cutanée in vitro : Essai de résistance électrique transcutanée (RET),"La présente Ligne directrice porte sur le danger de corrosion cutanée pour la santé humaine. Elle s’appuie sur la méthode d’essai de résistance électrique transcutanée (RET) pratiquée sur un épiderme de rat, laquelle utilise des disques cutanés pour identifier les produits chimiques corrosifs sur la base de leur capacité à provoquer la perte de l’intégrité du stratum corneum normal et de la fonction de barrière. La présente Ligne directrice a été initialement adoptée en 2004 et mise à jour en 2015 pour faire référence au Document Guide sur IATA."
Essai n° 431 : Corrosion cutanée in vitro : Essai sur modèle de peau humaine,"La présente Ligne directrice porte sur le danger de corrosion cutanée pour la santé humaine faisant suite à une exposition avec un produit chimique. La corrosion cutanée désigne la survenue de lésions irréversibles de la peau qui se manifestent par une nécrose visible, selon la définition du Système Général Harmonisé pour la Classification et l’Étiquetage des produits chimiques."
Essai n° 319A : Détermination de la clairance intrinsèque in vitro sur des hépatocytes de truite arc en ciel (rt-hep) cryoconservés,"La présente Ligne directrice (LD) décrit l’utilisation d’hépatocytes de truite arc-en-ciel Oncorhynchus mykiss (RT-HEP) cryoconservés afin de déterminer la clairance intrinsèque in vitro (CL, IN VITRO, INT) du produit chimique testé, par une approche fondée sur la déplétion du substrat. La réaction est déclenchée par l’addition du produit chimique testé à la suspension. Pour collecter des échantillons à différents points dans le temps, on arrête la réaction en transférant des aliquotes de la suspension dans une solution d’arrêt. La diminution de la concentration de produit chimique testé dans les échantillons provenant du flacon d’incubation est mesurée par une méthode analytique validée, et utilisée pour déterminer la CL IN VITRO, INT."
Essai n° 490 : Essai In Vitro de Mutation Génique Sur Cellules de Mammifères Utilisant le Gène de la Thymidine Kinase,"L'essai in vitro de mutation génique sur des cellules de mammifères peut être employé pour détecter des mutations induites par les substances chimiques. Cette Ligne directrice comprend deux essais de mutation génique, avec deux lignées cellulaires spécifiques tk hétérozygotes : les cellules L5178Y tk+/- 3.7.2C pour le test du lymphome de souris (mouse lymphoma essai) (MLA), et les cellules TK6 tk+/- pour l’essai TK6. Les types d’événements génétiques détectés en utilisant le locus tk comprennent soit les mutations géniques que les changements chromosomiques."
Essai n° 476 : Essais in vitro de mutation génique sur cellules de mammifères utilisant les gènes Hprt et xprt,"L'essai in vitro de mutation génique sur des cellules de mammifères peut être employé pour détecter des mutations induites par les substances chimiques. Dans cet essai, les systèmes genetiques utilisés permettent de détecter une mutation sur les loci de l’hypoxanthine-guanine phosphoribosyl transferase (HPRT) et d’un transgène de la xanthine-guanine phosphoribosyl transferase (XPRT). Les essais de la mutation de HPRT et de XPRT détectent différents types d’événements génétiques."
Essai n° 479: Toxicologie génétique: Essai in vitro d'échange de chromatides-sœurs sur cellules de mammifère,"Suite à la décision du Conseil de l’OCDE, l’essai 479 «Toxicologie Génétique : Essai in vitro d'Échange de Chromatides-soeurs sur Cellules de Mammifère» a été supprimé le 2 avril 2014."
Essai n° 319B : Détermination de la clairance intrinsèque in vitro sur la fraction subcellulaire S9 du foie de truite arc-en-ciel (RT-S9),"La présente Ligne directrice (LD) décrit l’utilisation de la fraction subcellulaire S9 du foie de truite arc-en-ciel (Oncorhynchus mykiss) (RT-S9) afin de déterminer la clairance intrinsèque in vitro (CL IN VITRO, INT) du produit chimique testé, par une approche fondée sur la déplétion du substrat. La réaction est déclenchée par l’addition du produit chimique testé dans le milieu d’incubation contenant le RT-S9. Pour collecter des échantillons à différents points dans le temps, on arrête la réaction en transférant des aliquotes du milieu d’incubation dans une solution d’arrêt. La diminution de la concentration de produit chimique testé dans les échantillons provenant du flacon d’incubation est mesurée par une méthode analytique validée, et utilisée pour déterminer la CL IN VITRO, INT. La valeur obtenue peut alors être utilisée pour améliorer les prédictions in silico de la bioaccumulation du produit chimique chez le poisson."
Essai n° 442D: Sensibilisation cutanée in vitro : Méthode d'essai ARE-Nrf2 luciférase,"La présente Ligne directrice porte sur le danger de sensibilisation cutanée pour la santé humaine faisant suite à une exposition avec un produit chimique. La sensibilisation cutanée se réfère à une réponse allergique faisant suite à un contact avec la peau, selon la définition du Système général harmonisé de classification et d'étiquetage des produits chimiques (SGH) des Nations Unies. La méthode in vitro décrite dans la présente Ligne directrice (LD) pour les essais de produits chimiques (méthode d'essai ARE-Nrf2 luciférase) doit aider à distinguer les sensibilisants des non-sensibilisants cutanés, selon le SGH. Le deuxième événement clé sur la voie toxicologique menant à des effets indésirable de sensibilisation cutanée se déroule dans les kératinocytes. Cet événement comprend des réponses inflammatoires et des phénomènes d'expression génique, liés à des voies de signalisation cellulaire spécifiques telles que les voies dépendant de l'élément de réponse antioxydant/électrophile (ARE, Antioxidant Response Element). La méthode d'essai décrite dans la présente Ligne directrice (méthode d'essai ARE-Nrf2 luciférase) est proposée pour l'étude de cette deuxième étape. La lignée cellulaire employée contient le gène de la luciférase sous le contrôle transcriptionnel d'un promoteur constitutif fusionné à un élément ARE d'un gène connu pour l’intensification de son expression sous l’effet de sensibilisants cutanés. Le signal de la luciférase reflète l'activation par les sensibilisants de gènes endogènes dépendants du facteur Nrf2. Cela permet la mesure quantitative (par détection de luminescence) de l'induction du gène de la luciférase, grâce à l'utilisation de substrats de luciférase produisant une luminescence satisfaisante, comme indicateur de l'activité du facteur de transcription Nrf2 dans les cellules après exposition à des substances chimiques d’essai électrophiles. A l'heure actuelle, la ligne directrice comprend deux méthodes d’essai : la méthode KeratinoSensTM et la méthode LuSens."
Application des Principes de BPL aux études in vitro,"L’objet du présent document est de favoriser une application et une interprétation correctes des principes de BPL dans l’organisation et la conduite des études in vitro, et de formuler des orientations sur la bonne application de ces principes aux études in vitro, à l’intention des installations d’essai (direction, assurance qualité, directeur de l’étude et personnel) et des autorités nationales chargées du contrôle de leur application. Le présent document vise à apporter ces indications supplémentaires sur l’interprétation des principes et des orientations sur leur application aux études in vitro conduites à des fins réglementaires. Son plan respecte l’ordre dans lequel sont présentés les principes de BPL, de manière à faciliter sa consultation."
Essai n° 487 : Essai in vitro de micronoyaux sur cellules de mammifères,"L’essai micronoyau in vitro est un essai de génotoxicité pour la détection des micronoyaux dans le cytoplasme de cellules en interphase. Les micronoyaux peuvent provenir de fragments de chromosomes acentriques (c’est-à-dire sans centromère), ou de chromosomes entiers qui ne peuvent migrer vers les pôles pendant l’étape d’anaphase de la division cellulaire. L’essai détecte l’activité de substances d’essai clastogènes et aneugènes dans les cellules qui ont subi une division cellulaire au cours ou après l’exposition à une substance d’essai. Cette Ligne directrice prévoit l’utilisation de protocoles, avec et sans cytochalasine B (inhibiteur de polymérisation de l’actine). La cytochalasine B permet l’identification et l’analyse sélective de la fréquence des micronoyaux dans les cellules qui ont complété une mitose, ces cellules étant binucléées. La Ligne directrice permet l’utilisation de protocoles sans blocage de la cytokinèse à condition qu’il soit démontré que la population cellulaire a subi une mitose."
Essai n° 473: Essai d'aberration Chromosomique In Vitro chez les Mammifères,Le but de l'essai in vitro d'aberration chromosomique est d'identifier les agents qui causent des aberrations chromosomiques structurales dans les cellules mammifères cultivées. Les aberrations structurales peuvent être de deux types : chromosomiques ou chromatidiques.
Essai n° 439 : Irritation cutanée in vitro : essai sur épiderme humain reconstitué,"Cette Ligne directrice décrit une procédure in vitro qui peut être utilisée pour identifier les dangers présentés par les produits chimiques irritants (substances et mélanges) conformément à la Catégorie 2 du Système général harmonisé de classification et d’étiquetage (SGH) de l’ONU. Elle s’appuie sur un épiderme humain reconstitué, qui dans sa conception globale, reproduit les propriétés biochimiques et physiologiques de la partie supérieure de la peau humaine. La viabilité cellulaire est mesurée par la conversion enzymatique du colorant vital MTT en un sel de formazan bleu, qui est mesuré quantitativement après extraction des tissus. Les produits chimiques testés irritants sont identifiés par leur capacité à réduire la viabilité cellulaire au-dessous d’un seuil défini (inférieur ou égal à 50% pour la Catégorie 2 du SGH de l’ONU). Cette Ligne directrice comprend aussi des normes de performance pour l’évaluation de méthodes d’essai similaires ou modifiées sur épiderme humain reconstitué. Quatre méthodes d’essai validées sont conformes à cette Ligne directrice. En fonction du cadre législatif et du système de classification utilisé, cette procédure peut être utilisée pour déterminer l’irritation cutanée de produits chimiques testés, en tant qu’essai de substitution d’essai d’irritation cutanée in vivo , ou en tant qu’essai de substitution partiel, dans le cadre d’une stratégie d’essai à plusieurs niveaux."
Essai n° 487 : Essai in vitro de micronoyaux sur cellules de mammifères,"L’essai micronoyau in vitro est un essai de génotoxicité pour la détection des micronoyaux dans le cytoplasme de cellules en interphase. Les micronoyaux peuvent provenir de fragments de chromosomes acentriques (c’est-à-dire sans centromère), ou de chromosomes entiers qui ne peuvent migrer vers les pôles pendant l’étape d’anaphase de la division cellulaire. L’essai détecte l’activité de substances d’essai clastogènes et aneugènes dans les cellules qui ont subi une division cellulaire au cours ou après l’exposition à une substance d’essai. Cette Ligne directrice prévoit l’utilisation de protocoles, avec et sans cytochalasine B (inhibiteur de polymérisation de l’actine). La cytochalasine B permet l’identification et l’analyse sélective de la fréquence des micronoyaux dans les cellules qui ont complété une mitose, ces cellules étant binucléées. La Ligne directrice permet l’utilisation de protocoles sans blocage de la cytokinèse à condition qu’il soit démontré que la population cellulaire a subi une mitose."
Essai n° 473: Essai d'aberration chromosomique in vitro chez les mammifères,Le but de l'essai in vitro d'aberration chromosomique est d'identifier les agents qui causent des aberrations chromosomiques structurales dans les cellules mammifères cultivées. Les aberrations structurales peuvent être de deux types : chromosomiques ou chromatidiques.
Essai n° 431 : Corrosion cutanée in vitro : Essai sur modèle de peau humaine,"La présente Ligne directrice porte sur le danger de corrosion cutanée pour la santé humaine faisant suite à une exposition avec un produit chimique. La corrosion cutanée désigne la survenue de lésions irréversibles de la peau qui se manifestent par une nécrose visible, selon la définition du Système Général Harmonisé pour la Classification et l’Étiquetage des produits chimiques."
Essai n° 431 : Corrosion cutanée in vitro : Essai sur modèle de peau humaine,"La présente Ligne directrice porte sur le danger de corrosion cutanée pour la santé humaine faisant suite à une exposition avec un produit chimique. La corrosion cutanée désigne la survenue de lésions irréversibles de la peau qui se manifestent par une nécrose visible, selon la définition du Système Général Harmonisé pour la Classification et l’Étiquetage des produits chimiques."
Essai n° 431 : Corrosion Cutanée In Vitro : Essai sur Modèle de Peau Humaine,"La présente Ligne directrice porte sur le danger de corrosion cutanée pour la santé humaine faisant suite à une exposition avec un produit chimique. La corrosion cutanée désigne la survenue de lésions irréversibles de la peau qui se manifestent par une nécrose visible, selon la définition du Système Général Harmonisé pour la Classification et l’Étiquetage des produits chimiques."
Essai n° 430 : Corrosion cutanée in vitro : Essai de résistance électrique transcutanée (RET),"La présente Ligne directrice porte sur le danger de corrosion cutanée pour la santé humaine faisant suite à une exposition avec un produit chimique. La corrosion cutanée désigne la survenue de lésions irréversibles de la peau qui se manifestent par une nécrose visible, selon la définition du Système Général Harmonisé pour la Classification et l’Étiquetage des produits chimiques."
Essai n° 435 : Méthode d'essai in vitro sur membrane d'étanchéité pour la corrosion cutanée,Cette Ligne directrice correspond à une méthode in vitro d'essai sur membrane d’étanchéité qui peut être employée pour identifier les substances corrosives.
Essai n° 430: Corrosion cutanée in vitro : Essai de résistance électrique transcutanée (RET),Le Système Général Harmonisé de Classification et d'Étiquetage des Produits Chimiques définit la corrosion cutanée comme la survenue de lésions irréversibles de la peau après l'application d’une substance d'essai.
Essai n° 431: Corrosion cutanée in vitro :Essai sur modèle de peau humaine,L'essai décrit dans cette Ligne directrice permet l'identification des substances et des mélanges chimiques corrosifs ; et permet également d'identifier les substances et mélanges non-corrosifs. Le protocole d'essai peut également fournir une indication pour la distinction des substances plus ou moins corrosives pour la peau. Cette Ligne directrice n'exige pas l'utilisation de tissu d'animal ou d’animal vivant pour l'évaluation de la corrosivité cutanée.
Essai n° 476: Essai in vitro de mutation génique sur des cellules de mammifères,"L'essai in vitro de mutation génique sur des cellules de mammifères peut être employé pour détecter des mutations induites par les substances chimiques. Dans ces lignées cellulaires, les systèmes les plus couramment utilisés permettent de détecter une mutation sur les loci de la thymidine kinase (TK), de l’hypoxanthine-guanine phosphoribosyl transferase (HPRT) et d’un transgène de la xanthine-guanine phosphoribosyl transferase (XPRT). Les essais de la mutation de TK, de HPRT et de XPRT détectent différents types d’événements génétiques."
Essai n° 476 : Essais in vitro de mutation génique sur cellules de mammifères utilisant les gènes Hprt et xprt,"L'essai in vitro de mutation génique sur des cellules de mammifères peut être employé pour détecter des mutations induites par les substances chimiques. Dans cet essai, les systèmes genetiques utilisés permettent de détecter une mutation sur les loci de l’hypoxanthine-guanine phosphoribosyl transferase (HPRT) et d’un transgène de la xanthine-guanine phosphoribosyl transferase (XPRT). Les essais de la mutation de HPRT et de XPRT détectent différents types d’événements génétiques."
Essai n° 490 : Essai In Vitro de Mutation Génique Sur Cellules de Mammifères Utilisant le Gène de la Thymidine Kinase,"L'essai in vitro de mutation génique sur des cellules de mammifères peut être employé pour détecter des mutations induites par les substances chimiques. Cette Ligne directrice comprend deux essais de mutation génique, avec deux lignées cellulaires spécifiques tk hétérozygotes : les cellules L5178Y tk+/- 3.7.2C pour le test du lymphome de souris (mouse lymphoma essai) (MLA), et les cellules TK6 tk+/- pour l’essai TK6. Les types d’événements génétiques détectés en utilisant le locus tk comprennent soit les mutations géniques que les changements chromosomiques."
Essai n° 482: Toxicologie génétique: Lésion et réparation d'ADN - Synthèse non programmée de l'ADN (UDS) sur cellules de mammifère - in vitro,"Suite à la décision du Conseil de l’OCDE, l’essai 482 ""Toxicologie Génétique : Lésion et Réparation d'ADN - Synthèse Non Programmée de l'ADN (UDS) sur Cellules de Mammifère - in vitro"" a été supprimé le 2 avril 2014."
Essai n° 496 : Méthode d’essai macro-moléculaire in vitro pour l’identification de produits chimiques provoquant des lésions oculaires graves et les produits chimiques ne relevant d’aucune classification pour irritation oculaire ou lésions oculaires graves,"La méthode d’essai macro-moléculaire in vitro est une méthode biochimique in vitro qui peut être utilisée pour identifier des produits chimiques (substances et mélanges) susceptibles d’induire des lésions oculaires graves, ainsi que des produits chimiques ne relevant d’aucune classification pour irritation oculaire ou lésions oculaires graves. La méthode d’essai macro-moléculaire in vitro exploite un mélange réactif macro-moléculaire composé de protéines, de glycoprotéines, de glucides, de lipides et d’éléments à faible masse moléculaire qui, une fois réhydraté, forme une matrice macro-moléculaire complexe qui reproduit la structure hautement organisée et transparente de la cornée. L’opacité cornéenne est considérée comme le principal critère de classification des dangers pour l’œil. Les produits chimiques testés provoquant la dénaturation, le dépliement et des changements de conformation des protéines induisent une désorganisation et une désagrégation de la structure hautement organisée de la matrice macro-moléculaire, ce qui génère une turbidité du réactif macro-moléculaire. À l’aide d’un spectromètre, ce phénomène peut être quantifié en mesurant les changements de diffusion de la lumière à une longueur d’onde de 405 nm et en comparant ces valeurs à une courbe d’étalonnage (établie en parallèle en mesurant la hausse de la densité optique (DO) induite par une série de substances étalon)."
Essai n° 455: Ligne directrice axée sur la performance pour les essais in vitro de transactivation par transfection stable visant la détection des substances agonistes et antagonistes des récepteurs des oestrogènes,Marketing blurb in French
Essai n° 455: Ligne directrice axée sur la performance pour les essais in vitro de transactivation par transfection stable visant la détection des substances agonistes et antagonistes des récepteurs des oestrogènes,"La présente Ligne directrice pour les essais axée sur la performance (LDAP) décrit la méthodologie des essais in vitro de transactivation par transfection stable visant la détection des substances agonistes et antagonistes des récepteurs des œstrogènes (essais de TA ER). Elle comprend des méthodes d’essai structurellement et fonctionnellement similaires pour détecter les substances agonistes et antagonistes des récepteurs des œstrogènes, et devrait faciliter le développement de nouvelles méthodes similaires ou modifiées. La base de la présente LDAP est constituée de deux méthodes d’essai de référence de TA ER. Ces deux méthodes sont les suivantes: essai de TA par transfection stable (essai STTA) faisant appel à la lignée cellulaire hERα-HeLa-9903, dérivée d’une tumeur de col utérin d’origine humaine, et l’essai de TA ER BG1Luc faisant appel à la lignée cellulaire BG-1Luc-4E2, dérivée d’adénocarcinome ovarien d’origine humaine. Les lignées cellulaires utilisées dans ces essais expriment les récepteurs des œstrogènes et ont été transfectées de façon stable avec un gène rapporteur de la luciférase répondant aux ER. Ces essais servent à détecter les substances chimiques qui peuvent activer (activité agoniste) et aussi inhiber (activité antagoniste) la transcription régulée par les ER. Les ER sont activés après liaison du ligand au récepteur Le complexe récepteur-ligand se fixe ensuite à certains éléments de réponse de l’ADN et transactive ainsi le gène rapporteur, induisant une augmentation de l’expression cellulaire d’une enzyme marqueur (par exemple la luciférase dans les sytèmes faisant appel à la luciférase). L’enzyme transforme ensuite son substrat en produit bioluminescent mesurable quantitativement à l’aide d’un luminomètre. Les présentes méthodes sont proposées à des fins de dépistage et de priorisation, mais elles peuvent aussi livrer des informations sur les mécanismes d’action pouvant être utilisées dans le cadre d’une approche fondée sur le poids de la preuve."
Essai n° 455 : Ligne directrice axée sur la performance pour les essais in vitro de transactivation par transfection stable visant la détection des substances agonistes des récepteurs des œstrogènes,"La présente Ligne directrice pour les essais axée sur la performance (LDAP) décrit la méthodologie des essais in vitro de transactivation par transfection stable visant la détection des substances agonistes des récepteurs des œstrogènes (essais de TA ER). Elle comprend des méthodes d’essai structurellement et fonctionnellement similaires pour détecter les substances agonistes des récepteurs des œstrogènes, et devrait faciliter le développement de nouvelles méthodes similaires ou modifiées. La base de la présente LDAP est constituée de deux méthodes d’essai de référence de TA ER. Ces deux méthodes sont les suivantes: essai de TA par transfection stable (essai STTA) faisant appel à la lignée cellulaire hERα-HeLa-9903, dérivée d’une tumeur de col utérin d’origine humaine, et l’essai de TA ER BG1Luc faisant appel à la lignée cellulaire BG-1Luc-4E2, dérivée d’adénocarcinome ovarien d’origine humaine. Les lignées cellulaires utilisées dans ces essais expriment les récepteurs des œstrogènes et ont été transfectées de façon stable avec un gène rapporteur de la luciférase répondant aux ER. Ces essais servent à détecter les substances chimiques qui activent les ER par la liaison du ligand au récepteur. Le complexe récepteur-ligand se fixe ensuite à certains éléments de réponse de l’ADN et transactive ainsi le gène rapporteur, induisant une augmentation de l’expression cellulaire d’une enzyme marqueur (par exemple la luciférase dans les sytèmes faisant appel à la luciférase). L’enzyme transforme ensuite son substrat en produit bioluminescent mesurable quantitativement à l’aide d’un luminomètre. Les présentes méthodes sont proposées à des fins de dépistage et de priorisation, mais elles peuvent aussi livrer des informations sur les mécanismes d’action pouvant être utilisées dans le cadre d’une approche fondée sur le poids de la preuve."
Essai n° 491 : Méthode d'essai d'exposition de courte durée in vitro pour l'identification des produits chimiques i) provoquant des lésions oculaires graves ou ii) ne relevant d'aucune classification pour irritation oculaire ou lésion oculaire grave,"Cette Ligne directrice décrit un test d’exposition de courte durée in vitro de cytotoxicité, réalisé sur une monocouche confluente de fibroblastes de cornée de lapin du Statens Seruminstitut (SIRC), cultivés sur des plaques microtitres 96 puits. Après 5 minutes d’exposition à un produit chimique testé, on détermine quantitativement la cytotoxicité en mesurant, à l’aide du test MTT, la viabilité relative des cellules SIRC. L’observation d’une diminution de la viabilité cellulaire est utilisée pour prédire les effets indésirables potentiels pouvant provoquer des lésions oculaires. La viabilité cellulaire est évaluée par un dosage quantitatif des cristaux de formazan bleu extraits des cellules et produits par les cellules vivantes lors de la conversion enzymatique du colorant vital MTT, encore appelé Bleu de thiazol. La viabilité cellulaire observée est comparée à celle du témoin avec solvant (viabilité relative) et utilisée comme estimation du danger potentiel pour les yeux que présente le produit chimique testé. Les produits chimiques testés sont classés dans la catégorie 1 du SGH de l’ONU lorsqu’une viabilité cellulaire inférieure ou égale à (≤) 70% est observée aux deux concentrations testées (5 % et 0.05 %). À l’inverse, les produits chimiques pour lesquels la viabilité cellulaire est supérieure à (>) 70 % aux deux concentrations testées (5 % et 0.05 %) sont classés « sans catégorie » selon le système SGH."
Essai n° 493 : Ligne directrice axée sur la performance pour les essais in vitro faisant appel au récepteur d'oestrogène recombinant humain (hrER) pour la détection des substances ayant une affinité de liaison avec les récepteurs des oestrogènes,"La présente Ligne directrice pour les essais axée sur la performance (LDAP) décrit la méthodologie des essais in vitro  faisant appel au récepteur d’œstrogène recombinant humain pour la détection des substances ayant une affinité de liaison avec les récepteurs des œstrogènes (essais de liaison au hrER). Elle comprend deux méthodes d’essai structurellement et fonctionnellement similaires pour détecter les ligands des récepteurs des œstrogènes (ERα), et doit faciliter l’élaboration de nouvelles méthodes similaires ou modifiées. La base de la présente LDAP est constituée de deux méthodes d’essai de référence. Ces deux méthodes sont les suivantes: l'essai de Freyberger-Wilson (FW), essai in vitro de liaison aux ER à l’aide d’un ERα humain intégral et l'essai du Chemical Evaluation and Research Institute (CERI), essai in vitro de liaison aux ER à l’aide du domaine de liaison du ligand d’un ER recombinant humain. Cet essai consiste principalement à mesurer la capacité d’un ligand radiomarqué (le [3H]-17β-œstradiol) à se lier aux ER en présence de concentrations croissantes du produit chimique testé (appelé « compétiteur »). Les produits chimiques d’essai qui présentent une forte affinité de liaison avec les ER entrent en concurrence avec le ligand radiomarqué à une concentration plus faible que les composés ayant une affinité moindre vis-à-vis du récepteur. L’essai comporte deux grands éléments : une expérience de liaison à saturation pour établir les paramètres de l’interaction récepteur-ligand et documenter la spécificité des liaisons aux ER, puis une expérience de liaison compétitive visant à déterminer dans quelle mesure un produit chimique testé fait concurrence à un ligand radiomarqué pour se fixer aux ER. Les présentes méthodes sont proposées à des fins de dépistage et de priorisation, mais elles peuvent aussi livrer des informations sur les mécanismes d’action pouvant être utilisées dans le cadre d’une approche fondée sur le poids de la preuve."
